,Janeiro,,,,,,,
,#,#,Capa,Autor,Livro,Ano,Pág,Nac.
,01,01,,Kurt Vonnegut,Matadouro Nº 5,1969,288,
,02,02,,Richard Brautigan,In Watermellon Sugar,1968,160,
,03,03,,Rikki Ducornet,Gazelle,2003,208,
,04,04,,Muriel Spark,Realidade e Sonhos,1996,152,
,05,05,,Amos Tutuola,O Bebedor de Vinho de Palmeira,1952,144,
,06,06,,Richard Matheson,I am Legend,1954,159,
,07,07,,Harry Mathews,The Solitary Twin,2017,160,
,08,08,,Muriel Spark,O Banquete,1990,170,
,09,09,,Sérgio Sant'Anna,Amazona,1986,304,
,,,,,,,,
,Fevereiro,,,,,,,
,#,#,Capa,Autor,Livro,Ano,Pág,Nac.
,10,01,,B.S. Johnson,Christie Malry's Own Double Entry,1973,187,
,11,02,,Imre Kertész,História Policial,1977,120,
,12,03,,Jennifer Egan,O Torreão,2006,240,
,13,04,,Leonardo Sciascia,A Cada um o Seu,1966,135,
,14,05,,Nathanael West,Um Milhão de Dólares,1934,121,
,15,06,,Sándor Márai ,O Legado de Eszter,1939,120,
,16,07,,Ismail Kadaré,A Filha de Agamenon,1985,217,
,17,08,,Ismail Kadaré,O Sucessor,2003,,
,18,09,,Lourenço Mutarelli,O Filho Mais Velho de Deus e/ou Livro IV,2018,336,
,,,,,,,,
,Março,,,,,,,
,#,#,Capa,Autor,Livro,Ano,Pág,Nac.
,19,01,,Maurice Dantec,Raízes do Mal,1995,543,
,20,02,,B.S. Johnson,Albert Angelo,1964,180,
,21,03,,Muriel Spark,Uma Escola para a Vida,2004,122,
,22,04,,Marcelo Mirisola,A Vida Não tem Cura,2016,88,
,23,05,,Marcelo Mirisola,Como se me Fumasse,2017,176,
,24,06,,Marcelo Mirisola,Quanto Custa um Elefante?,2020,128,
,25,07,,Frédéric Beigbeder,Windows on the World,2003,352,
,26,08,,Bernardo Carvalho,O Último Gozo do Mundo,2021,144,
,27,09,,Peter Straub,The Hellfire Club,1996,526,
,,,,,,,,
,Abril,,,,,,,
,#,#,Capa,Autor,Livro,Ano,Pág,Nac.
,28,01,,Akira Yoshimura,Naufrágios,1996,191,
,29,02,,Antonio Xerxenesky,As Perguntas,2017,184,
,30,03,,Michel Houellebecq,Aniquilar,2022,480,
,31,04,,Jamil Snege,Viver é Prejudicial à Saúde,1998,80,
,32,05,,Bae Su-ah,Noite e Dia Desconhecidos,2013,160,
,33,06,,Unica Zürn,Dark Spring,1969,115,
,34,07,,Tove Ditlevsen ,The Faces,1968,144,
,,,,,,,,
,Maio,,,,,,,
,#,#,Capa,Autor,Livro,Ano,Pág,Nac.
,35,01,,Clara Drummond,Os Coadjuvantes,2022,112,
,36,02,,Ann Quin,Berg,1964,168,
,37,03,,Nina Berberova,O Lacaio e a Meretriz,1937,64,
,38,04,,Hiroko Oyamada,The Hole,2014,92,
,,,,,,,,
,Junho,,,,,,,
,#,#,Capa,Autor,Livro,Ano,Pág,Nac.
,39,01,,Hiroko Oyamada,The Factory,2010,116,
,40,02,,Julián Fuks ,A Resistência,2015,144,
,41,03,,Gen'ichiro Takahashi,"Sayonara, Gangsters",1982,296,
,42,04,,Louis Armand,Breakfast at Midnight,2012,164,
,43,05,,"Yukiko Motoya",The Lonesome Bodybuilder,2012,224,
,,,,,,,,
,Julho,,,,,,,
,#,#,Capa,Autor,Livro,Ano,Pág,Nac.
,44,01,,Dag Solstad,"Romance 11, Livro 18",1992,160,
,45,02,,Cormac McCarthy,No Country for Old Men,2005,309,
,46,03,,Yukio Mishima,Vida à Venda,1968,256,
,47,04,,Mario Levrero,Nick Carter (se divierte mientras el lector es asesinado y yo agonizo),1973,160,
,48,05,,Pedro Juan Gutiérrez,Nosso GG em Havana,2004,128,
,49,06,,Muriel Spark,Memento Mori,1959,256,
,,,,,,,,
,Agosto,,,,,,,
,#,#,Capa,Autor,Livro,Ano,Pág,Nac.
,50,01,,Leïla Slimani,Canção de Ninar,2016,192,
,51,02,,Richard Brautigan,Sombrero Fallout,1976,224,
,52,03,,Pierre Louÿs,Esse Obscuro Objeto do Desejo,1898,112,
,53,04,,Lars Gustafsson,A Tiler's Afternoon ,1991,130,
,,,,,,,,
,Setembro,,,,,,,
,#,#,Capa,Autor,Livro,Ano,Pág,Nac.
,54,01,,Richard Brautigan,Pescar Truta na América,1967,208,
,55,02,,Ahmed Saadawi,Frankenstein in Baghdad,2013,281,
,56,03,,Milan Kundera,A Festa da Insignificância,2013,136,
,57,04,,Georges Rodenbach,Bruges-la-Morte,1892,172,
,,,,,,,,
,Outubro,,,,,,,
,#,#,Capa,Autor,Livro,Ano,Pág,Nac.
,58,01,,Richard Laymon,To Wake The Dead,2003,386,
,59,02,,Richard Laymon,The Woods are Dark,1981,254,
,60,03,,Stephen King,If it Bleeds,2020,480,
,,,,,,,,
,Novembro,,,,,,,
,#,#,Capa,Autor,Livro,Ano,Pág,Nac.
,61,01,,Heinrich Böll,Fim de uma Viagem,1966,216,
,62,02,,Thomas Bernhard,Mestres Antigos,1985,184,
,63,03,,Nikolai Leskov,Lady Macbeth do Distrito de Mtsensk,1865,96,
,64,04,,Iuri Oliécha,Inveja,1927,192,
,65,05,,Péter Nádas,A Bíblia,1967,112,
,66,06,,Jon Fosse,Brancura,2023,96,
,67,07,,César Aira,Pinceladas Musicais,2019,80,
,,,,,,,,
,Dezembro,,,,,,,
,#,#,Capa,Autor,Livro,Ano,Pág,Nac.
,68,01,,Haruki Murakami,Killing Commendatore,2017,738,
,69,02,,Bentley Little,The Disappearance,2010,391,,,,,,,,,
,Janeiro,,,,,,,
,#,#,Capa,Autor,Livro,Ano,Pág,Nac.
,01,01,,Barbara Comyns,Who Was Changed and Who Was Dead,1954,193,
,02,02,,Daniel Galera,Barba Ensopada de Sangue,2012,424,
,03,03,,Sven Holm,Termush,1967,119,
,04,04,,Fleur Jaeggy,Sweet Days of Discipline,1989,112,
,05,05,,Michel Houellebecq,Extensão do Domínio da Luta,2006,142,
,06,06,,Fleur Jaeggy,Last Vanities,1994,112,
,07,07,,Graham Greene,Dr. Fischer de Genebra,1980,144,
,08,08,,Hiromi Kawakami,A Valise do Professor,2010,232,
,09,09,,Nathanael West,Miss Corações Solitários,1933,88,
,,,,,,,,
,Fevereiro,,,,,,,
,#,#,Capa,Autor,Livro,Ano,Pág,Nac.
,10,01,,Alasdair Gray,Poor Things,1992,318,
,11,02,,Denis Johnson,Ninguém se Mexe,2009,176,
,12,03,,Natsuko Imamura,The Woman in the Purple Skirt,2019,216,
,13,04,,Yukio Mishima,Star,1961,96,
,14,05,,Shusaku Endo ,When I Whistle ,1974,273,
,15,06,,Elvira Vigna,Às Seis em Ponto,1998,125,
,16,07,,Dezső Kosztolányi,Skylark,1924,222,
,17,08,,Gustavo Bernardo,O Gosto do Apfelstrudel,2010,88,
,18,09,,Julián Fuks,A Ocupação,2019,136,
,19,10,,Dambudzo Marechera,The House of Hunger,1978,90,
,20,11,,Vladimir Sorokin,Telluria,1997,336,
,,,,,,,,
,Março,,,,,,,
,#,#,Capa,Autor,Livro,Ano,Pág,Nac.
,21,01,,Peter Handke,Don Juan (Narrado por Ele Mesmo),2004,144,
,22,02,,Percival Everett,Erasure,2001,265,
,23,03,,Vladimir Sorokin,Day Of The Oprichnik,2006,208,
,24,04,,Lars Gustafsson,Sigismundo,1976,198,
,25,05,,Victor Pelevin,The Yellow Arrow,1993,92,
,26,06,,Tōson Shimazaki,The Broken Commandment,1906,254,
,27,07,,Gaito Gazdanov,The Spectre of Alexander Wolf,1947,176,
,28,08,,Jon Fosse,A Casa de Barcos,1989,144,
,,,,,,,,
,Abril,,,,,,,
,#,#,Capa,Autor,Livro,Ano,Pág,Nac.
,29,01,,Vladimir Sorokin,The Queue,1984,204,
,30,02,,Victor Pelevin,Omon Ra,1992,154,
,31,03,,Jon Fosse,É a Ales,2004,112,
,32,04,,Vladímir Zazúbrin,Lasca,1923,136,
,33,05,,Viktor Shklovsky,Zoo or Letters Not About Love,1922,208,
,34,06,,Verônica Stigger,Sul,2016,96,
,35,07,,Verônica Stigger,Minha Novela,2013,76,
,36,08,,Sasha Sokolov,A School for Fools,1976,232,
,37,09,,Alexander Lernet-Holenia,Mona Lisa,1937,98,
,38,10,,Enrique Vila-Matas,Mac e o seu Contratempo,2018,288,
,39,11,,Annie Ernaux,O Jovem,2022,56,
,40,12,,Annie Ernaux,O Acontecimento,2000,80,
,41,13,,Venedikt Erofeev,Moscow to the End of the Line,1970,169,
,42,14,,Victor Pelevin,The Helmet of Horror,2005,292,
,43,15,,Evelio Rosero,Señor que no Conoce la Luna,1992,112,
,44,16,,Sigismund Krzyzanowski,O Marcador de Página,1920~,160,
,,,,,,,,
,Maio,,,,,,,
,#,#,Capa,Autor,Livro,Ano,Pág,Nac.
,45,01,,Jon Fosse,Morning and Evening,2000,112,
,46,02,,Lídia Chukovskaia,Sofia Petrovna,1940,120,
,47,03,,Yann Andréa,M. D.,1983,108,
,48,04,,Ilya Ehrenburg,As Aventuras de Julio Jurenito,1921,196,
,49,05,,Katai Tayama,The Quilt,1907,208,
,,,,,,,,
,Junho,,,,,,,
,#,#,Capa,Autor,Livro,Ano,Pág,Nac.
,50,01,,César Aira,La Vida Nueva,2007,80,
,51,02,,Mario Levrero,La Ciudad,1970,192,
,52,03,,Marcelo Labes,Três Porcos,2020,192,
,53,04,,Mario Bellatin,La Jornada de la Mona y el Paciente,2006,56,
,54,05,,Richard Laymon,Endless Night,1993,471,
,55,06,,Mario Bellatin,Retrato de Mussolini Con Familia,2015,144,
,56,07,,Alberto Laiseca,Camilo Aldao [Hybris],2016,104,
,57,08,,Verônica Stigger,Os Anões,2010,60,
,58,09,,Mario Bellatin,El Gran Vidrio,2007,170,
,59,10,,César Aira,El Juego de los Mundos,2000,129,
,60,11,,Harry Mathews,My Life in CIA: A Chronicle of 1973,2005,209,
,61,12,,Serguei Dovlátov,O Ofício,1985,232,
,62,13,,Mario Bellatin,Cães Heróis,2003,128,
,63,14,,Mario Bellatin,Flores,2000,80,
,64,15,,César Aira,Como Me Reí,2005,128,
,65,16,,Sylvia Molloy,Varia Imaginación,2003,116,
,66,17,,Édouard Levé,Autoportrait,2005,117,
,67,18,,César Aira,Cumpleaños,2001,112,
,68,19,,Verônica Stigger,Gran Cabaret Demenzial,2007,128,
,69,20,,Verônica Stigger,O Trágico e Outras Comédias,2004,70,
,,,,,,,,
,Julho,,,,,,,
,#,#,Capa,Autor,Livro,Ano,Pág,Nac.
,70,01,,M. Ageyev,Novel with Cocaine,1934,177,
,71,02,,César Aira,O Congresso de Literatura,1997,168,
,72,03,,Amit Chaudhuri,Friend of my Youth,2017,173,
,73,04,,Mario Bellatin,Underwood Portátil Modelo 1915,2005,96,
,74,05,,César Aira,Artforum,2014,96,
,75,06,,Mario Bellatin,El Pasante de Notario Murasaki Shikibu,2010,70,
,76,07,,Mario Bellatin,Shiki Nagaoka: Una Nariz de Ficción,2001,96,
,77,08,,Héctor Libertella,El Árbol de Saussure,2000,104,
,78,09,,Héctor Libertella,Zettel,2009,76,
,79,10,,César Aira,Biografía,2014,96,
,80,11,,Lev Tolstói,A Morte de Ivan Ilitch,1886,96,
,81,12,,Horacio Castellanos Moya,El Arma en el Hombre,2001,136,
,82,13,,Natalia Timerman,Copo Vazio,2021,144,
,83,14,,César Aira,Em Havana,2016,32,
,84,15,,Andrei Platonov,The Foundation Pit,1930,164,
,85,16,,Hye-young Pyun,The Hole,2016,198,
,86,17,,César Aira,A Prova,1992,152,
,87,18,,Fogwill,Muchacha Punk,1992,64,
,88,19,,Margo Glantz,Las Genealogías,1981,258,
,89,20,,Mario Bellatin,Los Fantasmas del Masajista,2009,94,
,90,21,,Emmanuel Carrère,Um Romance Russo,2007,248,
,91,22,,Miguel de Unamuno,Niebla,1914,303,
,,,,,,,,
,Agosto,,,,,,,
,#,#,Capa,Autor,Livro,Ano,Pág,Nac.
,92,01,,Joca Reiners Terron,A Morte e o Meteoro,2019,120,
,93,02,,Philip Roth,A Humilhação,2009,104,
,94,03,,César Aira,Nouvelles Impressions du Petit Maroc,1991,45,
,95,04,,Clive Barker,The Damnation Game,1985,433,
,96,05,,Richard Laymon,Flesh,1987,368,
,97,06,,Richard Laymon,Dark Mountain,1987,358,
,98,07,,Elfriede Jelinek,The Piano Teacher,1983,288,
,99,08,,Jon Fosse,Septology I-II - The Other Name,2019,351,
,100,09,,Mario de Andrade,Macunaíma,1928,230,
,101,10,,Thomas Bernhard,Sim,1978,128,
,102,11,,César Aira,Diario de la Hepatitis,1993,49,
,103,12,,César Aira,Triano,2014,76,
,104,13,,Héctor Libertella,¡Cavernícolas!,1985,128,
,105,14,,Cormac McCarthy,The Road,2006,307,
,106,15,,Fiódor Dostoiévski,Um Jogador,1866,232,
,107,16,,Leonid Tsypkin,Summer in Baden-Baden,1981,160,
,108,17,,Vladimir Nabokov,O Mago,1939,80,
,109,18,,U. R. Ananthamurthy,Samskara,1965,175,
,,,,,,,,
,Setembro,,,,,,,
,#,#,Capa,Autor,Livro,Ano,Pág,Nac.
,110,01,,Wolfgang Hilbig,Old Rendering Plant,1991,120,
,111,02,,J.G. Ballard,High Rise,1975,208,
,112,03,,Ayi Kwei Armah,The Beautyful Ones Are Not Yet Born,1968,236,
,113,04,,Amit Chaudhuri,Afternoon Raag,1993,208,
,114,05,,Amos Tutuola,My Life in the Bush of Ghosts,1954,180,
,115,06,,Amos Tutuola,O Bebedor de Vinho de Palmeira,1952,142,
,116,07,,Bessie Head,A Question of Power,1973,206,
,117,08,,Lourenço Mutarelli,Jesus Kid,2004,168,
,118,09,,Eliane Marques,Louças de Família,2023,280,
,119,10,,Rachid al-Daif,Learning English,2007,161,
,120,11,,Kathy Acker,Kathy Goes to Haiti,1978,174,
,,,,,,,,
,Outubro,,,,,,,
,#,#,Capa,Autor,Livro,Ano,Pág,Nac.
,121,01,,Rachid al-Daif,Passage to Dusk,2001,100,
,122,02,,Ronald Sukenick,Up,1968,344,
,123,03,,Nona Fernández,Chilean Electric,2015,110,
,124,04,,Kenzaburo Oe,Uma Questão Pessoal,1964,224,
,125,05,,Kathy Acker,Childlike Life of the Black Tarantula,1973,152,
,126,06,,Juan Francisco Manzano ,A Autobiografia do Poeta-Escravo,1835,224,
,127,07,,Nona Fernández,Space Invaders,2013,88,
,128,08,,Lima Barreto,Diário do Hospício ,1920,308,
,129,09,,Lima Barreto,O Cemitério dos Vivos,1920,,
,130,10,,Lourenço Mutarelli,Eu Te Amo Lucimar,1994,95,
,131,11,,Lourenço Mutarelli,A Caixa de Areia: Ou Eu Era Dois no Meu Quintal,2006,144,
,132,12,,Constance Debré,Playboy,2018,176,
,133,13,,Verônica Stigger,Krakatoa,2024,176,
,134,14,,Eduard Limonov,"It's Me, Eddie",1976,272,
,135,15,,Ryū Murakami,Almost Transparent Blue,1976,127,
,136,16,,Luciano de Samósata,Uma História Verídica,Séc. II,88,
,137,17,,Cristovão Tezza,O Filho Eterno,2007,224,
,138,18,,César Aira,Moreira,1975,81,
,139,19,,Camila Sosa Villada,O Parque das Irmãs Magníficas,2019,208,
,140,20,,Ania Ahlborn,The Neighbors,2012,252,
,141,21,,Adam Nevill,The Vessel,2022,173,
,142,22,,Kathy Acker,I Dreamt I Was a Nymphomaniac: Imagining,1974,114,
,143,23,,Richard Laymon,In the Dark,1994,503,
,144,24,,César Aira,Continuação de Ideias Diversas,2014,92,
,,,,,,,,
,Novembro,,,,,,,
,#,#,Capa,Autor,Livro,Ano,Pág,Nac.
,145,01,,César Aira,El Tilo,2003,128,
,146,02,,Kathy Acker,"Rip-Off Red, Girl Detective",1973,134,
,147,03,,Han Kang,Atos Humanos,2014,192,
,148,04,,Han Kang,O Livro Branco,2016,160,
,149,05,,Solvej Balle,Sobre o Cálculo do Volume: 1,2020,152,
,150,06,,Marcelo Mirisola,Joana a Contragosto,2005,192,
,151,07,,Marcelo Mirisola,Animais em Extinção,2008,176,
,152,08,,Muriel Spark,The Driver's Seat,1970,160,
,153,09,,Lars Gustafsson,The Tennis Players,1977,95,
,154,10,,Dag Solstad,Professor Andersen's Night,1996,168,
,155,11,,Richard Laymon,After Midnight,1997,406,
,156,12,,Oswaldo de Camargo,A Descoberta do Frio,1978,136,
,157,13,,Kathy Acker,Burning Bombing of America,1972,78,
,158,14,,César Aira,Los Misterios de Rosario,1994,210,
,159,15,,Mario Levrero,El Discurso Vacío,1996,180,
,160,16,,Mark Leyner,"Et Tu, Babe",1992,176,
,161,17,,Michel Laub,Diário da Queda,2011,152,
,162,18,,Vladimir Voinovitch,The Ivankiad,1978,152,
,163,19,,José Falero,Os Supridores,2020,304,
,164,20,,César Aira,La Serpiente,1997,160,
,165,21,,Plutarco,Vidas Paralelas - Teseu e Rómulo,Séc. II,171,
,,,,,,,,
,Dezembro,,,,,,,
,#,#,Capa,Autor,Livro,Ano,Pág,Nac.
,166,01,,Lourenço Mutarelli,O Astronauta,2021,52,
,167,02,,Anderson Félix,Matei Minha Mãe,2020,244,
,168,03,,Washington Cucurto,Coisa de Negros,2003,184,
,169,04,,Washington Cucurto,Noites Vazias,2003,,
,170,05,,César Aira,Como me Tornei Freira,1998,256,
,171,06,,César Aira,A Costureira e o Vento,1994,,
,172,07,,Ricardo Lísias,O Céu dos Suicidas,2012,192,
,173,08,,Tatiana Salem Levy ,Vista Chinesa,2021,112,
,174,09,,Richard Laymon,Dreadful Tales,2000,436,
,175,10,,Victor Pelevin,The Hall of the Singing Caryatids,2008,105,
,176,11,,Paulo Scott,Habitante Irreal,2011,264,
,177,12,,Sigizmund Krzhizhanovsky,Seven Stories,1920~,208,
,178,13,,Cees Nooteboon,Rituais,1980,204,
,179,14,,Vladimir Sorokin,The Blizzard,2010,192,
,180,15,,Lourenço Mutarelli,Sequelas,2023,216,
,181,16,,Samuel Rawet,Viagens De Ahasverus,1970,66,
,182,17,,César Aira,En la Confitería del Gas,2021,84,
,183,18,,Mario Levrero,El Alma de Gardel,1996,128,,,,,,,,,
,Janeiro,,,,,,,
,#,#,Capa,Autor,Livro,Ano,Pág,Nac.
,01,01,,Georges Bataille,O Azul do Céu,1957,176,
,02,02,,Emmanuel Carrère,Ioga,2020,272,
,03,03,,Stefan Zweig,Confusion,1926,144,
,04,04,,André Sant'Anna,Amor,2008,80,
,05,05,,László Krasznahorkai,The Last Wolf,2009,72,
,06,06,,Jon Fosse,Trilogia,2014,200,
,07,07,,Kurt Tucholsky,Castle Gripsholm,1931,144,
,08,08,,César Aira,Un Sueño Realizado,2001,192,
,09,09,,Mario Bellatin,La Escuela del Dolor Humano de Sechuán,2001,88,
,10,10,,César Aira,Las Curas Milagrosas del Doctor Aira,1998,84,
,11,11,,Blaise Cendrars,Moravagine,1926,224,
,12,12,,László Krasznahorkai,Herman,1986,48,
,13,13,,Bernardo Carvalho,Nove Noites,2002,176,
,14,14,,Kay Dick,They,1977,121,
,15,15,,Verônica Stigger,O Livro dos Sonhos,2023,80,
,16,16,,César Aira,En El Pensamiento,2024,120,
,17,17,,Fleur Jaeggy,Proleterka,2001,96,
,18,18,,Richard Laymon,Body Rides,1996,544,
,19,19,,Marcelo Mirisola,O Herói Devolvido,2000,192,
,20,20,,Vanessa Barbara,Operação Impensável,2015,224,
,21,21,,Nawal el-Saadawi,God Dies by the Nile,1974,138,
,22,22,,René Descartes,Discurso do Método,1637,184,
,23,23,,César Aira,Los Fantasmas,1990,152,
,24,24,,Marcelo Mirisola,Hosana na Sarjeta,2014,144,
,,,,,,,,
,Fevereiro,,,,,,,
,#,#,Capa,Autor,Livro,Ano,Pág,Nac.
,25,01,,Kenzaburo Oe,Seventeen,1961,100,
,26,02,,Kenzaburo Oe,J,1963,128,
,27,03,,Kathy Acker,The Adult Life of Toulouse Lautrec,1978,201,
,28,04,,Richard Powers,Galatea 2.2,1995,329,
,29,05,,Gert Hofmann,The Spectacle at the Tower,1982,234,
,30,06,,Solvej Balle,Sobre o Cálculo do Volume: 2,2020,168,
,31,07,,Mario Bellatin,Biografía Ilustrada de Mishima,2009,108,
,32,08,,Adolfo B Casares & Silvina Ocampo,"Los que Aman, Odian",1946,158,
,33,09,,Mario Bellatin,Efecto Invernadero,1992,54,
,34,10,,Viktor Chklovsky,Third Factory,1926,160,
,35,11,,Lady Sarashina,The Sarashina Diary,Séc. XI,264,
,36,12,,Vladimir Sorokin,Red Pyramid,2024,320,
,37,13,,Marcelo Mirisola,O Azul do Filho Morto,2002,173,
,38,14,,Mario Bellatin,El Hombre Dinero,2013,112,
,39,15,,Marcelo Mirisola,Bangalô,2003,128,
,,,,,,,,
,Março,,,,,,,
,#,#,Capa,Autor,Livro,Ano,Pág,Nac.
,40,01,,Marcelo Mirisola,Charque,2011,224,
,41,02,,Marcelo Mirisola,Notas da Arrebentação,2005,128,
,42,03,,Ricardo Lísias,Duas Praças,2005,128,
,43,04,,Ricardo Lísias,A Vista Particular,2016,128,
,44,05,,Izumi Suzuki,Set My Heart on Fire,1983,192,
,45,06,,Naoya Shiga,Reconciliation,1949,137,
,46,07,,Yuko Tsushima,Of Dogs and Walls,2018,53,
,47,08,,Barry Hannah,Ray,1980,128,
,48,09,,Mario Bellatin,Jacobo El Mutante,2004,80,
,49,10,,Richard Brautigan,The Abortion: An Historical Romance 1966,1971,226,
,50,11,,Hitomi Kanehara,Autofiction,2006,216,
,51,12,,Murasaki Shikibu,The Diary of Lady Murasaki,Séc. XI,146,
,52,13,,Izumi Shikibu,Diaries of Court Ladies of Old Japan,Séc. XI,153,
,53,14,,Marcelo Mirisola,Fátima Fez os Pés para Mostrar na Choperia,1998,144,
,54,15,,Lourenço Mutarelli,O Grifo de Abdera,2015,280,
,55,16,,Marcelo Mirisola,Memórias da Sauna Finlandesa,2009,176,
,56,17,,Pablo Pérez,El Mendigo Chupapijas,2005,80,
,57,18,,Mario Levrero,Fauna / Desplazamientos,1987,214,
,58,19,,César Aira,Los Dos Payasos,1995,68,
,59,20,,César Aira,El Pequeño Monje Budista,2005,90,
,60,21,,Natércia Pontes,Copacabana Dreams,2012,128,
,61,22,,Sergio Pitol,El Arte de la Fuga,1996,329,
,62,23,,César Aira,El Volante,1992,96,
,,,,,,,,
,Abril,,,,,,,
,#,#,Capa,Autor,Livro,Ano,Pág,Nac.
,63,01,,Chico Buarque,Leite Derramado,2009,200,
,64,02,,César Aira,El Gran Misterio,2018,80,
,65,03,,Mario Bellatin,Carta Sobre os Cegos Para Uso dos que Veem,2016,88,
,66,04,,Mario Levrero,El Portero y el Otro,1993,187,
,67,05,,Michel Houellebecq,O Mapa e o Território,2010,400,
,68,06,,Ricardo Lísias,Anna O. E Outras Novelas,2007,208,
,69,07,,Jean-Jacques Rousseau,Confissões,1782,645,
,70,08,,Gérard de Nerval,"Aurélia, ou o Sonho e a Vida",1855,116,
,71,09,,César Aira,La Invención del Tren Fantasma,2015,80,
,72,10,,Dante Alighieri,Inferno,Séc. XIV,230,
,,,,,,,,
,Maio,,,,,,,
,#,#,Capa,Autor,Livro,Ano,Pág,Nac.
,73,01,,Cyrano de Bergerac,Viagem à Lua,1657,232,
,74,02,,Ernesto Sabato,O Túnel,1948,152,
,75,03,,Jamil Snege,Como Tornar-se Invisível em Curitiba,2000,90,
,76,04,,César Aira,Pinceladas Musicales,2019,132,
,77,05,,César Aira,Três Lendas Pringlenses,2013,80,
,78,06,,Marcelo Mirisola,A Fé que Perdi nos Cães,2021,160,
,79,07,,Washington Cucurto,Las Aventuras del Sr. Maíz,2005,130,
,80,08,,Dalia Rosetti,Dame Pelota,2009,160,
,81,09,,Daniel Guebel,Mis Escritores Muertos,2009,64,
,82,10,,Patricio Pron,O Espírito dos Meus Pais Continua a Subir na Chuva,2011,160,
,83,11,,Mauro Libertella,Mi Libro Enterrado ,2013,78,
,84,12,,Serguei Dovlátov ,Parque Cultural,1983,168,
,85,13,,Damián Ríos,Entrerrianos,2010,128,
,86,14,,Thomas de Quincey,Confessions of an English Opium-Eater,1821,352,
,87,15,,Fernando Noy,Sofoco,2014,80,
,88,16,,Lima Barreto,Diário Íntimo,1953,316,
,89,17,,Kathy Acker,Blood and Guts in High School,1978,165,
,90,18,,Marquês de Sade,Os Infortúnios da Virtude,1787,192,
,91,19,,João Gilberto Noll,Lorde,2004,128,
,92,20,,Tiago Ferro,O Pai da Menina Morta,2018,176,
,93,21,,J.P. Cuenca,Descobri que Estava Morto,2016,240,
,,,,,,,,
,Junho,,,,,,,
,#,#,Capa,Autor,Livro,Ano,Pág,Nac.
,94,01,,J.P. Cuenca,O Dia Mastroianni,2007,216,
,95,02,,César Aira ,Prins,2018,144,
,96,03,,Jacques Fux,Antiterapias,2013,166,
,97,04,,Liev Tolstói,A Sonata a Kreutzer,1891,120,
,98,05,,César Aira ,Fulgentius,2020,168,
,99,06,,César Aira ,"El Jardinero, el Escultor y el Fugitivo",2022,144,
,100,07,,Gert Jonke,The System of Vienna,1999,125,
,101,08,,César Aira ,Entre los Indios,2012,121,
,102,09,,Lars Gustafsson,The Death of a Beekeeper,1978,176,
,103,10,,Rosemary Tonks,The Bloater,1968,135,
,104,11,,Gonçalo M. Tavares,Short Movies,2011,96,
,105,12,,William T. Vollmann,Whores for Gloria,1991,160,
,106,13,,César Aira ,Los Hombrecitos con Sobretodo,2024,96,
,107,14,,Marcelo Mirisola,Espeto Corrido,2024,164,
,108,15,,Ricardo Lísias,Divórcio,2013,240,
,,,,,,,,
,Julho,,,,,,,
,#,#,Capa,Autor,Livro,Ano,Pág,Nac.
,109,01,,Rachid al-Daif,Dear Mr. Kawabata,1995,178,
,110,02,,Camila Sosa Villada,A Namorada de Sandro,2015,96,
,111,03,,Mikhail Bulgakov,Diaboliad,1924,110,
,112,04,,Mariana Eva Perez,"Diario de una Princesa Montonera, 110% Verdad",2012,208,
,113,05,,Sergei Dovlatov,The Zone,1982,198,
,114,06,,Bernardo Kucinski,K - Relato de uma Busca,2014,176,
,115,07,,Ivan Turgenev,Smoke,1867,256,
,116,08,,Naty Menstrual,Chuva Dourada Sobre Mim,2008,148,
,117,09,,Amara Moira,E Se Eu Fosse Puta,2016,148,
,118,10,,Jamil Snege,"O Jardim, a Tempestade",1989,82,
,119,11,,Richard Laymon,"Darkness, Tell Us",1991,404,
,120,12,,César Aira,La Fuente,1995,96,
,121,13,,Mario Bellatin,Damas Chinas,1995,110,
,,,,,,,,
,Agosto,,,,,,,
,#,#,Capa,Autor,Livro,Ano,Pág,Nac.
,122,01,,Mario Bellatin,El Jardín de la Señora Murakami,2000,112,
,123,02,,César Aira,El Pelícano,2020,126,
,124,03,,César Aira,Yo Era Una Mujer Casada,2010,98,
,125,04,,Emmanuel Bove,Meus Amigos,1924,176,
,126,05,,Kobo Abe,The Woman in the Dunes,1962,258,
,127,06,,Sayaka Murata,Querida Konbini,2016,152,
,128,07,,Brigid Brophy,Flesh,1962,155,
,129,08,,Édouard Louis,Lutas e Metamorfoses de uma Mulher,2021,112,
,130,09,,Katie Kitamura,A Separation,2017,255,
,131,10,,Édouard Louis,Quem Matou Meu Pai,2018,72,
,132,11,,Ludmilla Petrushevskaya,The Time: Night,1991,155,
,133,12,,César Aira,Yo Era Una Niña de Siete Años,2005,125,
,134,13,,Marguerite Duras,O Amante,1984,128,
,135,14,,Hiroko Oyamada ,Weasels in the Attic,2022,96,
,136,15,,Lima Barreto,Vida e Morte de M. J. Gonzaga de Sá,1919,201,
,137,16,,Emi Yagi,Diary of a Void,2020,213,
,138,17,,Atiq Rahimi,As Mil Casas do Sonho e do Terror,2002,184,
,139,18,,Pierre Loti,The Marriage of Loti,1880,210,
,140,19,,Mikhail Bulgákov,The Heart of a Dog,1925,128,
,141,20,,Osamu Dazai,The Flowers of Buffoonery,1935,96,
,142,21,,Pierre Loti,Madame Chrysanthemum,1887,354,
,143,22,,Cees Nooteboom,Mokusei!,1982,92,
,144,23,,Sándor Márai,As Brasas,1942,176,
,,,,,,,,
,Setembro,,,,,,,
,#,#,Capa,Autor,Livro,Ano,Pág,Nac.
,145,01,,Iúri Tyniánov ,O Tenente Quetange,1928,96,
,146,02,,César Aira,Diário da Hepatite,1993,52,
,147,03,,Jun'ichirō Tanizaki,The Key,1956,202,
,148,04,,Félix Bruzzone,Los Topos,2008,192,
,149,05,,Alexander Lernet-Holenia,Baron Bagge,1936,90,
,150,06,,Pablo Katchadjian,O Que Fazer,2010,128,
,151,07,,Cees Noteeboom,In the Dutch Mountains,1984,128,
,152,08,,Constance Debré,Love Me Tender,2020,165,
,153,09,,Valeria Luiselli,Rostos na Multidão,2011,168,
,154,10,,Robert Coover,Spanking the Maid,1981,112,
,155,11,,Tatiana Salem Levy,A Chave de Casa,2007,208,
,156,12,,Harry Laus,Monólogo De Uma Cachorra Sem Preconceitos,1977,46,
,157,13,,Uketsu,Casas Estranhas,2021,176,
,158,14,,Thomas Harris,Red Dragon,1981,615,
,159,15,,Ryū Murakami,Audition,1997,191,
,160,16,,Laura Alcoba,La Casa de los Conejos,2008,134,
,161,17,,Bret Easton Ellis,The Shards,2023,594,
,162,18,,Jon Fosse,I Is Another: Septology III-V,2020,271,
,163,19,,Jon Fosse,A New Name: Septology VI-VII,2021,228,
,164,20,,Thomas Pynchon,The Crying of Lot 49,1966,183,
,,,,,,,,
,Outubro,,,,,,,
,#,#,Capa,Autor,Livro,Ano,Pág,Nac.
,165,01,,Thomas Harris,The Silence of the Lambs,1988,367,
,166,02,,Mikhail Saltykov-Shchedrin,Foolsburg: The History of a Town,1870,304,
,167,03,,Sigizmund Krzhizhanovsky,The Return of Munchausen,1928,160,
,168,04,,Françoise Sagan,"Bom Dia, Tristeza",1954,144,
,169,05,,José Emilio Pacheco,Las Batallas en el Desierto,1981,74,
,170,06,,Alejandro Zambra,Bonsái,2006,93,
,171,07,,László Krasznahorkai,Animalinside,2010,48,
,172,08,,László Krasznahorkai,Sátántangó,1985,232,
,173,09,,Mario Bellatin,Diwan,2023,72,
,174,10,,Max Frisch,Homo Faber,1957,214,
,175,11,,Didier Eribon,Retorno a Reims,2009,240,
,176,12,,I Acevedo,Bate um Coração,2019,148,
,177,13,,Konstantin Vaginov ,Goat Song,1928,203,
,178,14,,Philip K. Dick,"Lies, Inc.",1964,214,
,179,15,,Ricardo Piglia,Respiração Artificial,1980,206,
,,,,,,,,
,Novembro,,,,,,,
,#,#,Capa,Autor,Livro,Ano,Pág,Nac.
,180,01,,Ivan Turguêniev,Clara Militch,1883,112,
,181,02,,François-René de Chateaubriand ,Memoirs from Beyond the Grave: 1768-1800,1848,584,
,182,03,,Bentley Little,The Haunted,2012,402,
,183,04,,Ivan Búnin,O Processo do Tenente Ieláguin,1925,88,
,184,05,,Thomas Harris,Hannibal,1999,576,
,185,06,,Blake Crouch,Dark Matter,2016,500,
,186,07,,Robert Louis Stevenson,O Médico e o Monstro,1886,160,
,187,08,,Vladimir Sorokin,Day of the Oprichnik,2006,191,
,188,09,,Horace Walpole,The Castle of Otranto,1764,192,
,189,10,,Rin Usami,"Idol, Burning",2020,144,
,,,,,,,,
,Dezembro,,,,,,,
,#,#,Capa,Autor,Livro,Ano,Pág,Nac.
,190,01,,Jô Soares,As Esganadas,2011,264,
,191,02,,Lyudmila Ulitskaya,The Funeral Party,1999,154,
,192,03,,Daniil Kharms,Crónicas da Razão Louca,1920s,77,
,193,04,,César Aira,Dante e Reina,1997,92,
,194,05,,Kōji Suzuki,Ring,1991,282,
,195,06,,Kōji Suzuki,Spiral,1995,281,
,196,07,,Kōji Suzuki,Loop,1998,288,
,197,08,,Vladislav Khodassiévitch,Necrópole,1939,272,
,198,09,,Ana Kiffer,No Muro da Nossa Casa,2024,98,
,199,10,,Ivan Turguêniev,Primeiro Amor,1860,112,
,200,11,,Anton Tchékhov,O Duelo,1891,176,
,201,12,,Vladimir Sorokin,The Sugar Kremlin,2008,200,
,202,13,,Kōji Suzuki,Birthday,1999,224,
,203,14,,Yasunari Kawabata,O Lago,1954,168,
,204,15,,Jun'ichirō Tanizaki,Há Quem Prefira Urtigas,1928,192,
,205,16,,Freida McFadden,The Gift,2022,53,
,206,17,,Bret Easton Ellis,Lunar Park,2005,454,
,207,18,,Jun'ichirō Tanizaki,Diário de um Velho Louco,1962,208,
